Firm,V1
Firm 26,266754423.602802
Firm 105,98647000.9412717
Firm 210,59285334.3273854
Firm 311,50751941.351729
Firm 247,45760945.5067763
Firm 73,32923069.897927
